-- phpMyAdmin SQL Dump
-- version 4.0.10deb1
-- http://www.phpmyadmin.net
--
-- Host: localhost
-- Generation Time: Mar 05, 2016 at 12:45 AM
-- Server version: 5.5.47-0ubuntu0.14.04.1
-- PHP Version: 5.5.9-1ubuntu4.14

SET SQL_MODE = "NO_AUTO_VALUE_ON_ZERO";
SET time_zone = "+00:00";


/*!40101 SET @OLD_CHARACTER_SET_CLIENT=@@CHARACTER_SET_CLIENT */;
/*!40101 SET @OLD_CHARACTER_SET_RESULTS=@@CHARACTER_SET_RESULTS */;
/*!40101 SET @OLD_COLLATION_CONNECTION=@@COLLATION_CONNECTION */;
/*!40101 SET NAMES utf8 */;

--
-- Database: `eock`
--

-- --------------------------------------------------------

--
-- Table structure for table `order`
--

CREATE TABLE IF NOT EXISTS `order` (
  `order_id` int(100) NOT NULL AUTO_INCREMENT,
  `student_id` int(11) NOT NULL,
  `order_date` datetime NOT NULL,
  `order_totalPrice` decimal(10,2) NOT NULL,
  `order_finishDate` date NOT NULL,
  `order_status` varchar(50) NOT NULL,
  PRIMARY KEY (`order_id`)
) ENGINE=InnoDB  DEFAULT CHARSET=latin1 AUTO_INCREMENT=27 ;

--
-- Dumping data for table `order`
--

INSERT INTO `order` (`order_id`, `student_id`, `order_date`, `order_totalPrice`, `order_finishDate`, `order_status`) VALUES
(16, 1, '2016-01-15 21:38:59', 12.00, '0000-00-00', 'PENDING'),
(17, 1, '2015-11-19 22:44:42', 6.00, '0000-00-00', 'PENDING'),
(18, 1, '2016-02-18 22:49:10', 74.40, '0000-00-00', 'PENDING'),
(19, 1, '2016-01-19 00:25:45', 17.00, '0000-00-00', 'PENDING'),
(20, 1, '2016-03-06 00:42:47', 5.00, '0000-00-00', 'PENDING'),
(21, 1, '2016-02-20 18:02:12', 6.20, '0000-00-00', 'PENDING'),
(22, 1, '2016-02-20 18:02:55', 1.20, '0000-00-00', 'PENDING'),
(23, 1, '2016-02-20 18:05:14', 1.20, '0000-00-00', 'PENDING'),
(24, 1, '2016-02-20 18:06:21', 1.20, '0000-00-00', 'PENDING'),
(25, 1, '2016-02-20 18:08:27', 1.20, '0000-00-00', 'PENDING'),
(26, 1, '2016-02-20 18:23:30', 1.20, '0000-00-00', 'PENDING');

-- --------------------------------------------------------

--
-- Table structure for table `product`
--

CREATE TABLE IF NOT EXISTS `product` (
  `product_id` int(100) NOT NULL AUTO_INCREMENT,
  `product_name` varchar(100) NOT NULL,
  `product_category` varchar(100) NOT NULL,
  `product_priceUnit` decimal(5,2) NOT NULL,
  `product_stock` int(50) NOT NULL,
  `product_pic` text NOT NULL,
  `product_status` varchar(50) NOT NULL,
  `staff_id` int(100) NOT NULL,
  PRIMARY KEY (`product_id`),
  KEY `staff_id` (`staff_id`)
) ENGINE=InnoDB  DEFAULT CHARSET=latin1 AUTO_INCREMENT=23 ;

--
-- Dumping data for table `product`
--

INSERT INTO `product` (`product_id`, `product_name`, `product_category`, `product_priceUnit`, `product_stock`, `product_pic`, `product_status`, `staff_id`) VALUES
(2, 'Nasi Lemak1', 'Food', 6.00, 726, '', 'Hot Product', 1),
(3, 'Pensel', 'Stationary', 1.20, 180, '', 'Normal', 1),
(15, 'sadad', 'Drink', 5.00, 0, '', 'eeee', 1),
(16, 'sadad1', 'Drink', 5.00, 0, '', 'eeee', 1);

-- --------------------------------------------------------

--
-- Table structure for table `product_order`
--

CREATE TABLE IF NOT EXISTS `product_order` (
  `po_id` int(100) NOT NULL AUTO_INCREMENT,
  `po_quantity` int(100) NOT NULL,
  `po_totalPricePerProduct` decimal(10,2) NOT NULL,
  `product_id` int(100) NOT NULL,
  `order_id` int(100) NOT NULL,
  PRIMARY KEY (`po_id`),
  KEY `order_id` (`order_id`),
  KEY `product_id` (`product_id`)
) ENGINE=InnoDB  DEFAULT CHARSET=latin1 AUTO_INCREMENT=46 ;

--
-- Dumping data for table `product_order`
--

INSERT INTO `product_order` (`po_id`, `po_quantity`, `po_totalPricePerProduct`, `product_id`, `order_id`) VALUES
(32, 2, 12.00, 2, 16),
(33, 1, 6.00, 2, 17),
(34, 12, 72.00, 2, 18),
(35, 2, 2.40, 3, 18),
(36, 1, 5.00, 15, 19),
(37, 2, 12.00, 2, 19),
(38, 1, 5.00, 16, 20),
(39, 1, 5.00, 16, 21),
(40, 1, 1.20, 3, 21),
(41, 1, 1.20, 3, 22),
(42, 1, 1.20, 3, 23),
(43, 1, 1.20, 3, 24),
(44, 1, 1.20, 3, 25),
(45, 1, 1.20, 3, 26);

-- --------------------------------------------------------

--
-- Table structure for table `services`
--

CREATE TABLE IF NOT EXISTS `services` (
  `service_id` int(5) NOT NULL AUTO_INCREMENT,
  `student_id` int(5) NOT NULL,
  `service_jabatan` varchar(255) NOT NULL,
  `service_cat` varchar(50) NOT NULL,
  `service_total_price` varchar(50) NOT NULL,
  `service_status` int(5) NOT NULL,
  `servis_date_created` datetime NOT NULL,
  PRIMARY KEY (`service_id`)
) ENGINE=InnoDB  DEFAULT CHARSET=latin1 AUTO_INCREMENT=7 ;

--
-- Dumping data for table `services`
--

INSERT INTO `services` (`service_id`, `student_id`, `service_jabatan`, `service_cat`, `service_total_price`, `service_status`, `servis_date_created`) VALUES
(5, 1, 'jtmk', 'print', '0.25', 0, '2016-02-21 00:02:08'),
(6, 1, 'jtmk', 'print', '0.25', 0, '2016-02-21 00:02:27');

-- --------------------------------------------------------

--
-- Table structure for table `service_files`
--

CREATE TABLE IF NOT EXISTS `service_files` (
  `service_file_id` int(5) NOT NULL AUTO_INCREMENT,
  `service_id` int(5) NOT NULL,
  `service_file_copy` int(11) NOT NULL,
  `service_file_page` int(11) NOT NULL,
  `service_file_cat` varchar(50) NOT NULL,
  `service_file_color` varchar(50) NOT NULL,
  `service_file_price` varchar(50) NOT NULL,
  `service_file_name` text NOT NULL,
  `service_file_size` varchar(50) NOT NULL,
  `service_file_type` varchar(255) NOT NULL,
  `service_file_content` mediumblob NOT NULL,
  PRIMARY KEY (`service_file_id`),
  KEY `service_id` (`service_id`)
) ENGINE=InnoDB  DEFAULT CHARSET=latin1 AUTO_INCREMENT=8 ;

--
-- Dumping data for table `service_files`
--

INSERT INTO `service_files` (`service_file_id`, `service_id`, `service_file_copy`, `service_file_page`, `service_file_cat`, `service_file_color`, `service_file_price`, `service_file_name`, `service_file_size`, `service_file_type`, `service_file_content`) VALUES
(7, 6, 1, 1, 'print', 'Color', '0.25', 'chart.pdf', '11415', 'application/pdf', 0x255044462d312e340a312030206f626a0a3c3c0a2f5469746c652028feff290a2f43726561746f722028feff290a2f50726f64756365722028feff0051007400200035002e0033002e0030290a2f4372656174696f6e446174652028443a3230313630323130313732323539290a3e3e0a656e646f626a0a322030206f626a0a3c3c0a2f54797065202f436174616c6f670a2f50616765732033203020520a3e3e0a656e646f626a0a342030206f626a0a3c3c0a2f54797065202f4578744753746174650a2f534120747275650a2f534d20302e30320a2f636120312e300a2f434120312e300a2f4149532066616c73650a2f534d61736b202f4e6f6e653e3e0a656e646f626a0a352030206f626a0a5b2f5061747465726e202f4465766963655247425d0a656e646f626a0a362030206f626a0a3c3c0a2f54797065202f506167650a2f506172656e742033203020520a2f436f6e74656e74732039203020520a2f5265736f7572636573203131203020520a2f416e6e6f7473203132203020520a2f4d65646961426f78205b3020302031323030203830305d0a3e3e0a656e646f626a0a31312030206f626a0a3c3c0a2f436f6c6f725370616365203c3c0a2f504353702035203020520a2f435370202f4465766963655247420a2f43537067202f446576696365477261790a3e3e0a2f457874475374617465203c3c0a2f4753612034203020520a3e3e0a2f5061747465726e203c3c0a3e3e0a2f466f6e74203c3c0a2f46372037203020520a2f46382038203020520a3e3e0a2f584f626a656374203c3c0a3e3e0a3e3e0a656e646f626a0a31322030206f626a0a5b205d0a656e646f626a0a392030206f626a0a3c3c0a2f4c656e677468203130203020520a2f46696c746572202f466c6174654465636f64650a3e3e0a73747265616d0a789ced594d8f1b370cbdcfafd0b980b524f50d14019a4d52a087020b1be8a1e8a170b22d824dd06d0efdfba546e311c7b3d37a6cc79ea28e118ff456a4347c1449c977dfaf7f55bf7d5177f7eb3fd4b67bdeaf1b54c09f557e4400b5fdd43cabe7e6a179e0effc7c6e7612d07ebe6c3f377745575390f5fd8face52f45ea07ee7d543fffc28ff79d8a3ce0538304b9f1541a799ea7a63ef3f7efcd4fdfa8cf179eed728b7b6ea81d50bed9c82768da8962fb91a2a359f2c3f38b58feffe787e6319be96c6b011d6d0017231935d5de89c250945c52848e8d9f5b21b18dd7575d8689511b6b7c8c0a03e9148c4fe6faab32512713434465c869206fc05f7d55189206cf9bc52c6a5594b477de202e89c1abbb37da908d93ac3614d13985c9e8147db4993242a692d9035e6f000d68d065a35162c763fb2518e2868cf601a3b57b7aba9972a8bcd69bb299a7bd60ca67a776d8543ce8f93ce13d2f91aa08546a05007d6e3d955608b9c97fec1ba9136ad3db2e2f14fc94cc60a3a7601dfb15e800298249c425864ee46c024cbe152516451645c1a4654f02ab03bf20608e81e0744224629773a81d444bd4ba2268b4ce99a8c80756cc74617ecf04da5beba351e4401be4895b0f7049074791fd182d6a56deb9ee70c233307b3e3bde4aa8af54429d8f20f1420738bd54ec903d37a1b65c9c01b111d93973ec02701217a881d0a32c2cbadbc6718777404a7630aca252e570e62d93f3b818b3704456c65bdea01c72b3598cad06a8b84423f46816aedd2d47896a16314ca042e570e665992557f02e92f686e35f4ee916616700814b9473f80ecdc2b5cb6689696700814b54a81ccebc2cb378cf071c0c5c21789663b3f8d01b40e01235a647b370ed6e1b6f7b03c86102152a87332fcc2c06984dae67900bb45c877a0b75bbf4b8402d608f1a905d360bf60690c32a2a550e67fe3a66394f22a8c6cda9bffd37d9964a87c4cc933d647c5e2e74cba5badce3277dbd69eedef1f6f66af3a8c47d0fa80d9f5052e2a2aa9559d9a836efd5b7b9107aa5361f9b5c7cef102a0854c4b408e7921eb1650c55c4953142ca1744680e05c18ac4a2c755248d347f37d2fcba8c117aee477ade8cf4bc2d7a5245deb5c8dbcdbf5c96cc65fe20571c79b05c0197a9a0d09f6bf72038cfeafc850afdbd231bbf492eeff9508278caf9f894308910d80cb11c94728acbb1b005649785ca406e6c79a0c712f7babfd46e2bd7691c07be3398fb948855363cbebc8cff4c14e3c2d5be14c52ca9958161f442bb1fbd64d4e9a297880d761487dccb91e02c265c5c3838573235c197eb9ac9f674329d277bc8f803dc70dea45d32e514f2921b26df27533471988784af21ec7b28e2815967a6898e73b31b9b99cd084e13c6e01834d6b7379fc1cd21956ea42e8d549f5cbf45f988a20d1277e7906a6ea42e8d544a814b3f6b78771e49aabd91ba345239d8eac035389fdf8e0cbf13f5db8dd46b564851ad2cf91d45fe46d1e2288a56ad28eded22b9af164a9aebb4d2647b9ab479b2878c3f80b4799376a4617c31588265d642652d8c4ebce5c64c04ccb87fe0c534428a50fa8721dd7d99b889c3721317ea10bf0f987db5259cfbe989bbab3bb9b63707bae14c6e8f73c3fddf7e4f3b4e5ffa97dfdb8fc673ee4d1774eff2bf76bbe3c5d543f337271e40f4656e6473747265616d0a656e646f626a0a31302030206f626a0a313230370a656e646f626a0a31332030206f626a0a3c3c202f54797065202f466f6e7444657363726970746f720a2f466f6e744e616d65202f514e414141412b4c75636964614772616e64652d426f6c640a2f466c6167732034200a2f466f6e7442426f78205b2d313038352e3933373530202d3433392e39343134303620313733342e333735303020313136382e3934353331205d0a2f4974616c6963416e676c652030200a2f417363656e74203936362e373936383735200a2f44657363656e74202d3231302e393337353030200a2f436170486569676874203936362e373936383735200a2f5374656d562034382e38323831323530200a2f466f6e7446696c6532203134203020520a3e3e20656e646f626a0a31342030206f626a0a3c3c0a2f4c656e677468312036393932200a2f4c656e677468203137203020520a2f46696c746572202f466c6174654465636f64650a3e3e0a73747265616d0a789cb5990d4c5bd715c7cfb59f6dbeb11d304449da4bba40ba803186603e9a14b09300a17c4392aacd78d8cff64b6c3ff69e09a1caa4684ada741fd59a75a210d46ad9b4adcad4a56dba050d6993d66dd9b4759bd655d35a559b526d9596b45a954aad92c0cebdbeb054a0c524aec1f6ef9c7beeff9d73eebdcf580001802c380e66809e816aefbdd72cebd1f3357c8e446293e1b3d0ff3ef215009335aac8a150b4f317c8d7d0571f4547dea1dc1f02982bd1fe5c349e3cbad16fbe07ed5eb44b635a5036b988867614ed82b87c740cb2a10aeda368d3841c576ca39b29dacf02945c04d3f53f99f68305ac96194b2d467c33f56eaa81909966994cb936902c269349fa07e47cd00bdf5e04f1682b6f473d80c59bd6c0c2a3f003db3c394f81fcac07ab933a2d97808f8289156bc11facd60650e628736cc1170212dc68311fbf71dc02d7a1453a0e406074f12dc96fb90adb007cdb5d3eafafde5757515e81bfe5be3a5f7dadb7a4b8fcbecd366bb1b5c45582bfaee2229bb56c73f8fd734776fbc9b6ca89e0a5be01f2c4c9775e7ae7f289f08e9da472dbc4a137fbfaa66716aebd92bfa090ed758fb47b6b023e2d1a7ef2279a567b75a8aaba636755755bf3644879faf5f17196c5d0e23fcd97a520e09a6cb156d08a7287c957bf855dbb425cbbd6e5335f9e9b5df8786a9a3c374b5c27cfff38fe786f1f39b0eff4c9af977ac999199243f2a6a7c8b6379b4838fcc28b91286906130c2ffe4bfa252a17c226ec0953b6fbeacb68896b9ddd66dde272b062ada94b981e5f589c7a16256cc43a3345b0824f16fd8123e3fe0009f8d7cfce902c927d6666e6ccc2270b1f4e4fcf1172ea6535424824faea2baacaaa98c3861fc16be503d43aca8a59f31c4cdd3147b6ea57366e78b0fe254deafcc37bd6858f5d84bc7c738fc8cf8773d64129abfd3e9621f6dd879d769439cbbc3e5266afb04abe37e617ae3efffce9a73ff88fa6dddc770f697e66fee600f9caab735b76cece9282454c8f4c4d2f5c5cf8d52e324b4a09db02e27949fefe17bf50f8c047ec00ac780c2dbe853be52ac659977d38c736bf807bbb0016cf2d0e59524ab73eac567449a72128b5c1b065230c9bbf0373d27918c6b162d80f27e1a7f01762163958a1122b15ca2b1eaaf4211f3193fbc12ba2cce4f3e0e616e36d387f44702504f8a9655c85fe3f0a7683076e08ae0637a914ec417e58700d54925382bde0211704d722bf2bb80edca622c1dba1c9d426b81eba4dc704fb60b7e9b7821ba0dd6c17dc08dde6fd829b90bf27b8199accd7043f005d925bf00ee8941e13bc13f935c10f42a7a540700bf292662bf45ace0a6e838065a96f7ed86fad171c807eeb53827721ff5df06ee8b72df5730f8cd84e086e475eaabd0346b202823b91bf2b782f1ccc960477218f0a7e0846b27f2eb81b4672a8e01ee4e3827b919772e88383b92d82fb919f133c0023b94b6b370823798f081e429e173c0c23f91b05ef8383f94b6bb11ff96fcbfbea7a41836002f985b5824d2015b6083643456140b004cec2c3822d602bfc92602b380a4f08b64163e1b70467c3bd85af0bce850d855705e741a93d4b703ef8ec54700178edfb52cc8e94fd49c10472ecdf106c02877d46b019f99c6009b2ecf3822d906d7f4db01572edbf176c03bbfdaf82b320cffe9ee06c28b05f139c034e8749702e643b8a04e7216f129c0f7647b9e0027038ea051782cbb147b01df951c10e287518829d38f7ab82d74191e38ce0228cf991e062c873fc5a7009eaff5970296439de15bc1ef3b92278036a7e247823389d16c15b61bdb304579048125b53a787b315d9eaace36c43ce723671cee6dcc63917d9e5ece49cc7fd239cedc84e6794b383fb1fe3ece49a5fe6bc8ef329ce459c9fe2ec422e703ec3793d729ef32ce74d3ce645c659a93c2f30cecbe1f117a11562900405744880cc89c26ed0d08e8381ac41185fdb6112c6208aa38934673ccc23b434a37b705449337600c63117166540105f55b4926bd4188489b4731bc4ba751c4b579b79c6d1976eb40a47d650bb0a47d38e55b872ba2bb60bb523586b32cdf86e8c4fbfe3fd62d514514524edbcfad11fc11986885520c45745c73921b4e2f8aec3e1b4fbcd66b0cc53d9b37da3a38eca67c5d2547908c7d8ee1bc7e8bbd1f1639486369b15413bc0f7ce287a597c1fb2c6e7de99da80a03b536bc5f51a1373bbd01749fbc40cf1992caa0a7bc43aa588da927c0e5bbf8e34b5d8952756d14a59ec0e93ee3e5a3dabae3b505a3da7cc290d66acba0ede73197d49aec5764726f43293133b2decac4ca2ade209be3b5d3feab04f83183f9341f41cc0f7cc2a0ea57d9f597d65ef4671f51c5bb9a5a297dd8de218c94eec51f4cadc93fe795f3de3cce9af35ff08bfc3a7ffd9b8d6fcd7aabfd6fca3384fbbcbfd9229f5d573dff519ef9dcce9af35ffccec9dcce9af35ff4cec9d4ca9af9e7bcf67bc7732a7bfd6fc33b37732a7bfd6fc33b1776eabeed7c6267535124dd217684d6343236d53234a4c9ba0e5b45d8bc515a3927624826eda1a8b511e67505d3114fd881272d3aef1a01a92a96a5099267539a4c465fd30d5c22b44521aba12518da4a22b21aa266832aad021f7809bf6ca492591a47222440797457ac26135a870a786913a3d34aeab46480d26552d612c5f3a3939a684650c0c29861a491834a82b2817a2a393742f4e58ba3ed3f147653d862c92730b893d3a0e2a6d5a2cf42907659e66dae0f684bc4a4d33f57a6abc551e6f95b7616598084a0da4fc55b708f2fedc52fced5b759bd4a3c9e4585375f5c4c4845b8e84e5b896d05823dc412dce7ca3a9289c18e512cc1fd02806d1202eb79bfa655ccda18156da50e7abf2d5345479ea3c1e3ab497d6d56df5dc5fe3abf5515ffdf6c6ed8deeff73a5ea68321eab6656750c972a61286ee639a08642aa110da8725057936ad0183214dacf77586b10c392c6b0a2a35f8ed15ecd50d972f6e8213521c78c81f131455735dde85292d8294cd3503a121882b17e794c4d620cdb87b772973621220727c7b4882e8f45d520dd75147b6c746bac718988d2a546e4e438ee5bbf16c712e8b2ddae8ceaca04fd5fb203515c8a15de7615177a853755ce72157458d65519eb63057729e1e57a99ed47e06b2f7c2cf55b13deada41262fe25be7d9f44af3127ae63ac6cc1b0aa24d93f8a308580363e1a539612383635f306ff0e1de2afecfb5c1bde0f6268f7f2ef9731fed7ad8af709768f93610fbfdb19cbef8698a579def6dcf0fcdbf39bf91b17defedd0518e6fe94663728fc2ea9b238c92535482dd20e69afd4981a3f36d533f0a918f9bfd49a653e656e6473747265616d0a656e646f626a0a31372030206f626a0a323339370a656e646f626a0a31352030206f626a0a3c3c202f54797065202f466f6e740a2f53756274797065202f434944466f6e7454797065320a2f42617365466f6e74202f4c75636964614772616e64652d426f6c640a2f43494453797374656d496e666f203c3c202f5265676973747279202841646f626529202f4f72646572696e6720284964656e7469747929202f537570706c656d656e742030203e3e0a2f466f6e7444657363726970746f72203133203020520a2f434944546f4749444d6170202f4964656e746974790a2f57205b30205b3734342035363720353238203633342034353120353831205d0a5d0a3e3e0a656e646f626a0a31362030206f626a0a3c3c202f4c656e67746820333939203e3e0a73747265616d0a2f434944496e6974202f50726f635365742066696e647265736f7572636520626567696e0a3132206469637420626567696e0a626567696e636d61700a2f43494453797374656d496e666f203c3c202f5265676973747279202841646f626529202f4f72646572696e67202855435329202f537570706c656d656e742030203e3e206465660a2f434d61704e616d65202f41646f62652d4964656e746974792d554353206465660a2f434d6170547970652032206465660a3120626567696e636f6465737061636572616e67650a3c303030303e203c464646463e0a656e64636f6465737061636572616e67650a3220626567696e626672616e67650a3c303030303e203c303030303e203c303030303e0a3c303030313e203c303030353e205b3c303035333e203c303036333e203c303036463e203c303037323e203c303036353e205d0a656e64626672616e67650a656e64636d61700a434d61704e616d652063757272656e7464696374202f434d617020646566696e657265736f7572636520706f700a656e640a656e640a656e6473747265616d0a656e646f626a0a382030206f626a0a3c3c202f54797065202f466f6e740a2f53756274797065202f54797065300a2f42617365466f6e74202f4c75636964614772616e64652d426f6c640a2f456e636f64696e67202f4964656e746974792d480a2f44657363656e64616e74466f6e7473205b3135203020525d0a2f546f556e69636f6465203136203020523e3e0a656e646f626a0a31382030206f626a0a3c3c202f54797065202f466f6e7444657363726970746f720a2f466f6e744e616d65202f5153414141412b4c75636964614772616e64650a2f466c6167732034200a2f466f6e7442426f78205b2d313036372e3338323831202d3733362e38313634303620313634312e313133323820313136322e3539373635205d0a2f4974616c6963416e676c652030200a2f417363656e74203936362e373936383735200a2f44657363656e74202d3231302e393337353030200a2f436170486569676874203936362e373936383735200a2f5374656d562034382e38323831323530200a2f466f6e7446696c6532203139203020520a3e3e20656e646f626a0a31392030206f626a0a3c3c0a2f4c656e677468312038373136200a2f4c656e677468203232203020520a2f46696c746572202f466c6174654465636f64650a3e3e0a73747265616d0a789cb59a0d745355b6c7f7b9b9b92db4a5b96dd352ad7ad30245817e240d69f992d2162814284ddb01046c686ed3ab6d52929452411e024fa1405b99cae780c3873832eaf84466708457500aa8bcf51007168cef3d6504fc58e28c2e7d1da4b97dfbdc9c627db0c6543b9124bfb3ef3effbbf73efb9c9bae251000088795a00398654f37dfd7ca2f46cb067c57b86a1aab8eecd96347fe029d0657cb0ea77cae7015c0001e6da3abd130a8202211c7e3703ca4bad6bf74ddde183aaec0f1d21a4fa5e3be35f7acc4f1451c4fa8752cad0313a4010c1c8c63c9eda895dfb71d8dc2713640c29f80eb32926f400f827ebbde821ebf0c7e7399e0d449e11c172100afe7388ebf0c03ff5a0cbbbb81bd260d9b0a3011a03b20e4ab0be0376147c82b1290f659981d3f417f9ade0ddf1c4d568fff61b6610026d1240ec50f023c744dd4adec5aa9879b3091c7803968c799dfe1cc288803b0882673427c02a7272692228a16491c664a6927c7ce7beb08512f902f55557de8443ed940d4436bf4a7173efcaa7a7179603ae70d34eba289ed2aea79baafe9aef1bf4035accf502145481d66cdb28db6c527c4c78699624c661b3119529275974f6efcdb96ad4fae79ef44ed238404ec2348f1b283810af2e15faea48c23bb9f553b77ed2464fd06551daf3e3e899c27e9000476767fa26be0cb6108e6979c6a8db7c4a374566af01e1673428271584a72425c0226116f14c20472f5a9e3c75bcab26d64a7af5bae7ce5a127ef7fced14e5a1ffe757e1ea9f3263e78a882a4a71538f33295d31bedb313c3f76536cd1d3f3c7ffa8cbad687e6d33bbede7d8dcfe427402cd6d12aa426e3ad448b1897106f33db107435bb3e6cb197760c492e3db8bbe3cc35326fce365d6420eb318b955ce78edd7c936a74e047933082f69e05e7747408236e9c477b41f735ee657d3c18b56c5038c56ab1da8c26a349143033a3c0456c2e2d5dbbb68324a957c8eba9d9f313cbcbb6732bda3a622fb605f69f2783d6de45f50f767fc05fc235449d582d368bd9369a866908134c52ea30f1e0397bc96bbf9b5e7878f90af52bf5f3d5b8765df33e7256552cbcaa7ba9ab5c7dafa9a9a5998c64b1f2e3b1c2b15aacc6d1165a4931451c968a950dc3d8777cbcb1b4b483240f29f9fdb3fc843357c89c795bbabee1ce2cb55aae0772b103b46c311aadf768be3aabc5d8812f7ec2cd37f5ba8e0ebc4b1b27f091dc765a9158abc9d8a65bca096d6df4fed5dd1fe813f4d769f7e869e806db6853bcde38046f2e88062d35a3a0cb51f7bf71e4d8bf9305a74884fa9ffbbe5ebd66e3866fcffded83a1efbe437cc47be60c99d8a1ecdda75e54afecd9f7c46b8b69a7bbbb3fe1976166d19010ac77ac21d897221726a44aa2c1c48b1ce7fe6cfd06b261fd5fbfdcb89eacdff815c951df55cf90c41ddb084f846d5b08d9b25d0da8df6ed9da46f693dd445da8cec7a863b06a83b14b04ec126221f4df7eb5a6838c23330eab767e42d741dd0cda0b1cb8b09f72300a0946d2fd91caf6c7508b95d6d74a9b383e418cb3c5db1270f3e8c454cc3b81b65b3cf7edab7bd7ce99bbb98d0c4e27c77f75e8d4cb87e69491eac8bb06e517af9f34698f5326e6ccc2c79af611525efac4ab150bc9eaa3157b6797d85f54e30e10a2af9508892689dcf809ce2999664268b5e93e32e35a7d1f37670fbc778ebc43fe7838f089fef4cd7cfec8777868119285194ec3751940f78149d45b878a2623c922c3d58be44b32bc8d6f9db675d977cf6b6b78007d93d13709d7df3a7a285619bb275560d919e3c28430fc67321e2823618b2f1152387dd58eb327de3abb62c583b92f165d1fcaad7ee9edebf289b7964f994cc8929717d42d3efc6455f5a6dcb7fff012aa9fc56e4f47753ce96cd660ab73a614ab8d8fcd1a4aef61c3a5d4f322de2525f9ecfbcb36ce9d43d4a29905641b51bf7ee6df7ef71c39a9be4baa9a9abe6a8a385c6a2f594db2ff951092fc17424a5e1c43d417d49b1ebbfaeeb9250db85a0a66b20aeb3310cf477a8e5a09dd14292231893a5da08adbfefac9930137b946f63ea36bed5abe5b5dc0e5739b680d6e74ff994fc299d8c709c1286d06136e20bab9f960114cc28d4d4f3e5d564254ab359bbb1e38469276fffae94daaba5878656c79d95632238c3bfba2fa1859b5fad34b8dcb08c6f304e6de8cb9ffa0876951e956d77a58c21e5e756d430b6969feecd3d6e6e6d62f580b0fbd7881cc270b2e9c3f7f41ddafee78ff7c1bb79c730736049a305a7c0ae85330da88e08e35e13b053fdbcf71c7ce9d0b4cd49f0eb47275df65736f040ae84e52e7f3f9d8c349908afbd7168fcf09ab76d2db82a7b0d542b7144d9088b4ab05a3c1627e3be1c0f36486fbef6ff9fc64f5aaf70ead394912ef2e5ca57ed5ce85afdebaae68c6cd03ea96dfce268edf5e212d1bbfeedcf9abb6e55d9f7743e3b299eb882e89bcf554adfba8bae3d61985e769f08c12fff119258c084cf9ff87146ab8f139f507cc819e333472ed9ca18f0f8cdb28b07386abfdefd64da4b599702b763daf6c9d379f3cbc70eb532ded8964dfdebf93f067da48f27399f81c397ab86e71c181b12c36dd3da81bf5fdf9691c96aa45e5ffe85e9325f5c8e3daa9c91f3690ff0964e10c7c6a9376e8d49e0e78529eeeecec0cea08edf81c4dead1312704770fe69945b3a45f02956df9f852f1facb2dc5b34efe72db6f4e6edefc02d5bf72b5b47c4bd7e75ce71f2f0586739d6f10fc02fab300df1f7e5c16f570f4b86fe90fa2db5fea7ca11d6b4be899c05e3827ec885a0c1095d47daabb5968d7947abfee15d0a48f8676be1e3c7c1cece43be175ae183a38150ab8b558e3f570106d1dd4c6ef8636fd3aa8e63f47df2110c33f0a2efd5818a28f2659a87100df67f1ade0fb06be57e92fa36e007d713e9f081edd64d4590ba7c396d22ae1536f3cd4c073700adec72a76927bc804524c1690267298fc0717c7ddcf3dc8b9b97ddc71ee0bdd605dbacea37b5a7754774177998f0ce606f7c228ec6a96e96d2f85ff5abba223f7839979e9c803f8fbcecc78049ee5158c4742bef6ab92f228b49f659c0619d0c5381dd2e8c356e30ce4798c33612459cbd80c19e435c616e42b8cb3208d8b636c8531dc24c6a36126b79cb10d2673ef30ce86a93a03e31c98a99bc3780cf27ec663618cee1bc6e3a0884f633c1ea6f18f319e807c82f183304d3f88f144e41ecd5c28d6ef613c09f2f53d75cb8339c268c6f9502234332e40fe88f1642809eba9e714a8085bc3782a724fee8550119ecf781af23ec6d361a1f64b9d7211f222c633a062c031c633a162a0c47816f24ac6c5c83d31cc86851113199720ef626c878a889eb52b858ac8f98ccb908f302e878aa824c6bf8085513d6b3107f9cfb7faeae6a06cc604a2a22d8c39088b9ec85807c9d15318f3e8a330d6a3cf12c60244463fce380c72a2d7311e00f745bfc93802ee8ebecc3812064777318e029b218ef120301ba607996e7103d3c49f06030d6b1873201a9a19eb909f65cc43b8e115c67a186038cc588008c371c66160309c611c0e9186ff623c0006193e653c10620cffcb38020688e18c239145c6516010ef623c0844f101c6d1102f8e656c409ecd5884c1a28b710ccefd17c6b11027b6308e439fbd8c8d1029bec13801f54f311e0ce1e245c68918cf478cef46cdcf1827418c7883f170488c89c015243c8f6b2ac40cd158401e14f380c661c89131d91a0fd0ecf91a47201b624a348ed47c16696cd0ec6e8d45e481312b348ed1f4d76a1cabf9346b1ca7cddda571bcc607344ed4eef57b8defd1ec27288707e33c4b3972a066bf00b9789afa41062fb8c1a1910493c183e35af0217ba00a3fa74223d441355e758738639ee6e109d17b165e9543f4b5433dc642bd7c50899f0a8efc7dd428858690632bc5bcbd782d546d6aa9475ba8de0a2ce943ee0a2c0dd957d694435db102d47661aefe10fd67a27fe8152f61ab26b32c5c21c755827617cef0315f199cdaaa78718e1347b5f8ed854743ae379d41230f464ffbc68b3a8a36ab26449519788d765f3d7aff1c9d3cf4f2e098ce72e1385feb9d4568a5feb3913ddadc9fa66667f4d3d47271bdead8dc22b4b942de3165da4cea350a6b442b25b3dcfcda1cba7e85216ad13b37dc412b38a2274ca87d74e7a88a7e82d29d63ea3fa5d27ecbae50abb9036d7e4d8b76477fe8f54f4c74b7d0bdd288630577f0cfd3cd431dfa34a8d1f664255ae6e277ff2a96857ccedc79657f8ee29d63ccd5460a5ae969548b9e74c72e45ab43b384bedfef1c71ffe9f7357e9776c287fe6cec6bfc7dd5ef6bfcd538cff333fba5bfd4ef1c7bc13fb977fa4fbfaff1f74feff49f7e5fe3ef8fdee92ff53bc73eeb9fdc3bfda7dfd7f8fba777fa4fbfaff1f747effca87a9ea7aed1abb8aafdd20b52664e768e344971c9359e06699834d553532bfb464a85eeca3429b7a646d2fc7c9257f6c9de25b2334d2aaaaf549c0e49f1490ec9ef7538e55a87f751c953759b4850c32bbb149f5ff6ca4e49714bfe6a592a4bb3a749c50ebfecf64b0eb7532abd2532abaa4aa99435a3073dbdd223f55ec5e7542afd8ac7edbb756b7f639d5ce54047a7ec535c6e9f54e99551ce292d6a94a6e3849efb539dbc6a87b706990597c624a678f1a25c22bbea6b1cde1fd8c64ad969194eb39c39563267649a4765984799b37fe0c1ae076d4153ef9af44af8c7cbf323e156fbfd7563d2d31b1a1ad21cae2a47adc7eda1c9a7557a6aa96d51d00b27566b12d49eef91d049aac4254e93f21cb88265f65c293bcb36ca96993d2a232b23432a9b2e65650dcfb83fd366b149b6d1d61c6b4eda3fb8537ab5bfb6269d8ed26b7079dc3e398d5ae62a4ea7e2abce571c955ec5af54faca7cb254a275556e25baf97de5b217ed8e1aa9d8e353e812cef23a15b7a3c667afaf93bd8ac7eb2b92fd58290cd32717bad1057df31c758a1f7d68eff5e6224f03f32c6dacf3b8bc8eba6aa5522a588a35f6cdf4d0c2b95d7291e272f8ebb157f33cb59882746b3c555ee4951ba4ef83b557e352dc669daa38e5dbadc1746e6521953bbc8a03f3a30917c955b7f2a5e33c046ded998d86de3be0c97230206aefe11faf13ab35c6a4e9f86e2f41b922fbe9ffbc8021e47bea17d5c83d013c92e8debcfd4fbdfebebd8634939d24f4f77bf02f74fab7b0e307571cdaafdcdb3d3dcc53cef822e3e58cab199f65749d5a7e64f099d77a2929da99d47b6e2fe6efe533f9e9fc147e3c7ee6f4beb2307bdd8959f6de96ff039f497fb4656e6473747265616d0a656e646f626a0a32322030206f626a0a333738380a656e646f626a0a32302030206f626a0a3c3c202f54797065202f466f6e740a2f53756274797065202f434944466f6e7454797065320a2f42617365466f6e74202f4c75636964614772616e64650a2f43494453797374656d496e666f203c3c202f5265676973747279202841646f626529202f4f72646572696e6720284964656e7469747929202f537570706c656d656e742030203e3e0a2f466f6e7444657363726970746f72203138203020520a2f434944546f4749444d6170202f4964656e746974790a2f57205b30205b3734342036323720353533203530362036313620323837203337312033313420363837203631362032383720353734203638362036303920353133203534382036343920363237203632372036323720363237203632372036323720373239203631392036313620353038203430362033313420393236205d0a5d0a3e3e0a656e646f626a0a32312030206f626a0a3c3c202f4c656e67746820353637203e3e0a73747265616d0a2f434944496e6974202f50726f635365742066696e647265736f7572636520626567696e0a3132206469637420626567696e0a626567696e636d61700a2f43494453797374656d496e666f203c3c202f5265676973747279202841646f626529202f4f72646572696e67202855435329202f537570706c656d656e742030203e3e206465660a2f434d61704e616d65202f41646f62652d4964656e746974792d554353206465660a2f434d6170547970652032206465660a3120626567696e636f6465737061636572616e67650a3c303030303e203c464646463e0a656e64636f6465737061636572616e67650a3220626567696e626672616e67650a3c303030303e203c303030303e203c303030303e0a3c303030313e203c303031443e205b3c303035323e203c303036353e203c303037333e203c303037353e203c303036433e203c303037343e203c303032303e203c303035353e203c303036453e203c303036393e203c303032443e203c303034333e203c303036463e203c303037363e203c303036313e203c303035363e203c303033313e203c303033323e203c303033333e203c303033343e203c303033353e203c303033303e203c303034383e203c303036373e203c303036383e203c303036333e203c303037323e203c303032453e203c303036443e205d0a656e64626672616e67650a656e64636d61700a434d61704e616d652063757272656e7464696374202f434d617020646566696e657265736f7572636520706f700a656e640a656e640a656e6473747265616d0a656e646f626a0a372030206f626a0a3c3c202f54797065202f466f6e740a2f53756274797065202f54797065300a2f42617365466f6e74202f4c75636964614772616e64650a2f456e636f64696e67202f4964656e746974792d480a2f44657363656e64616e74466f6e7473205b3230203020525d0a2f546f556e69636f6465203231203020523e3e0a656e646f626a0a332030206f626a0a3c3c0a2f54797065202f50616765730a2f4b696473200a5b0a36203020520a5d0a2f436f756e7420310a2f50726f63536574205b2f504446202f54657874202f496d61676542202f496d616765435d0a3e3e0a656e646f626a0a787265660a302032330a303030303030303030302036353533352066200a30303030303030303039203030303030206e200a30303030303030313230203030303030206e200a30303030303130373738203030303030206e200a30303030303030313639203030303030206e200a30303030303030323634203030303030206e200a30303030303030333031203030303030206e200a30303030303130363430203030303030206e200a30303030303035333836203030303030206e200a30303030303030363138203030303030206e200a30303030303031383939203030303030206e200a30303030303030343232203030303030206e200a30303030303030353938203030303030206e200a30303030303031393230203030303030206e200a30303030303032313837203030303030206e200a30303030303034363935203030303030206e200a30303030303034393336203030303030206e200a30303030303034363734203030303030206e200a30303030303035353239203030303030206e200a30303030303035373931203030303030206e200a30303030303039363930203030303030206e200a30303030303130303232203030303030206e200a30303030303039363639203030303030206e200a747261696c65720a3c3c0a2f53697a652032330a2f496e666f2031203020520a2f526f6f742032203020520a3e3e0a7374617274787265660a31303837360a2525454f460a);

-- --------------------------------------------------------

--
-- Table structure for table `staff`
--

CREATE TABLE IF NOT EXISTS `staff` (
  `staff_id` int(100) NOT NULL AUTO_INCREMENT,
  `staff_name` varchar(100) DEFAULT NULL,
  `staff_ic` varchar(12) NOT NULL,
  `staff_BOD` date DEFAULT NULL,
  `staff_phone` int(11) DEFAULT NULL,
  `staff_position` varchar(100) DEFAULT NULL,
  `staff_username` varchar(100) NOT NULL,
  `staff_password` varchar(20) NOT NULL,
  PRIMARY KEY (`staff_id`)
) ENGINE=InnoDB  DEFAULT CHARSET=latin1 AUTO_INCREMENT=3 ;

--
-- Dumping data for table `staff`
--

INSERT INTO `staff` (`staff_id`, `staff_name`, `staff_ic`, `staff_BOD`, `staff_phone`, `staff_position`, `staff_username`, `staff_password`) VALUES
(1, 'Jabon2', '060504145041', '2014-11-16', 172990873, 'Boss', 'q', '1'),
(2, 'admin', '123', '2015-12-10', 345, 'admin', 'admin', 'admin');

-- --------------------------------------------------------

--
-- Table structure for table `students`
--

CREATE TABLE IF NOT EXISTS `students` (
  `student_id` int(11) NOT NULL AUTO_INCREMENT,
  `student_username` varchar(25) NOT NULL,
  `student_password` varchar(25) NOT NULL,
  `student_ic` varchar(25) NOT NULL,
  `student_noMatric` varchar(25) NOT NULL,
  `student_name` varchar(255) NOT NULL,
  `student_phone` varchar(25) NOT NULL,
  PRIMARY KEY (`student_id`)
) ENGINE=InnoDB  DEFAULT CHARSET=latin1 AUTO_INCREMENT=4 ;

--
-- Dumping data for table `students`
--

INSERT INTO `students` (`student_id`, `student_username`, `student_password`, `student_ic`, `student_noMatric`, `student_name`, `student_phone`) VALUES
(1, 'a', 'a', '34', 'ty', 'er', '456'),
(3, 'qwe', 'asd', '666', 'trt', 'gggg', '6666');

--
-- Constraints for dumped tables
--

--
-- Constraints for table `product`
--
ALTER TABLE `product`
  ADD CONSTRAINT `product_ibfk_1` FOREIGN KEY (`staff_id`) REFERENCES `staff` (`staff_id`) ON UPDATE CASCADE;

--
-- Constraints for table `product_order`
--
ALTER TABLE `product_order`
  ADD CONSTRAINT `product_order_ibfk_3` FOREIGN KEY (`product_id`) REFERENCES `product` (`product_id`) ON UPDATE CASCADE,
  ADD CONSTRAINT `product_order_ibfk_4` FOREIGN KEY (`order_id`) REFERENCES `order` (`order_id`) ON UPDATE CASCADE;

--
-- Constraints for table `service_files`
--
ALTER TABLE `service_files`
  ADD CONSTRAINT `service_files_ibfk_1` FOREIGN KEY (`service_id`) REFERENCES `services` (`service_id`) ON DELETE CASCADE ON UPDATE CASCADE;

/*!40101 SET CHARACTER_SET_CLIENT=@OLD_CHARACTER_SET_CLIENT */;
/*!40101 SET CHARACTER_SET_RESULTS=@OLD_CHARACTER_SET_RESULTS */;
/*!40101 SET COLLATION_CONNECTION=@OLD_COLLATION_CONNECTION */;
